item_id,target_time,context,stimulus_type,signed_offset,human_production,human_production_code,human_motive_labels,human_motive_text,gpt_4o_task1_image,gpt_4o_task1_text,gpt_4o_task2,claude_opus_4_5_task1_image,claude_opus_4_5_task1_text,claude_opus_4_5_task2
1008,8:30,police,precise,0.0,8.30 am,0,,Because it happened in the morning and I looked at the time when the accident occured.,"""It happened at 7:40.""","""It happened at 8:30.""","In a formal setting like a police statement, providing precise and clear information is crucial. By stating ""It happened 8.30 am,"" you offer an exact time, which helps the officer establish an accurate timeline of events. This straightforward response minimizes ambiguity and ensures that the details are recorded accurately for any further investigation.","""It happened at 8:30 in the morning""","""It happened at half past eight""","You chose this precise, direct phrasing because the context was a **formal witness statement** where accuracy and clarity are paramount. In legal and official settings, people typically avoid hedging language (like ""around"" or ""about"") and state facts as definitively as possible, especially when they have reliable evidence—in this case, having checked your watch at the moment of the accident. The formal register also prompted you to include ""am"" to eliminate any ambiguity."
1009,8:28,police,precise,-2.0,around half 8,10,Precision|S ease,I suppose using the traditional clock format I find it easier to round the time to the nearest number instead of saying the exact time. If I looked at a digital watch or my phone I'd more likely give an exact time saying eight twenty-eight instead.,"""It happened at 7:30.""","""It happened at 8:28.""","In the social experiment, the choice to say ""around half 8"" instead of the precise time of 8:28 reflects a common conversational practice where people use approximate language to convey time. This phrasing suggests a general timeframe rather than an exact minute, which can be perceived as more natural and relatable in everyday communication, especially when the exact minute is not crucial to the context.","""It happened at approximately 8:42 in the morning""","""It happened at 8:28.""","You likely chose this phrasing because in everyday conversation, people tend to use approximate, rounded times rather than precise ones—it sounds more natural and less oddly specific. Saying ""8:28"" in casual speech can seem overly exact and might even raise questions about how you could be so certain. Additionally, ""half 8"" (meaning 8:30) is close enough to 8:28 that the difference feels negligible for general communication purposes, even though in a formal police statement, the exact time would actually be more useful."
1010,8:34,police,precise,4.0,Just before twenty five to nine,15,Sound,Sounds more organic,"""It happened at 7:40.""",It happened at 8:34.,"In the social experiment, the choice to say ""just before twenty-five to nine"" instead of ""8:34"" could be to observe how people perceive and process time differently when expressed in less conventional terms. This phrasing might prompt the listener to engage more actively in converting the time, potentially affecting their memory or understanding of the event's timeline. Additionally, it could test how such phrasing influences the perceived precision or reliability of the witness statement.",It happened at approximately 8:35 in the morning,"""It happened at 8:34.""","You likely chose this phrasing because in a formal witness statement, being slightly conservative with your claim feels more honest and accurate. Saying ""just before twenty-five to nine"" (i.e., just before 8:35) precisely captures 8:34 without overstating your certainty—it acknowledges you're reporting to the nearest minute while conveying the time accurately. It also sounds more natural and credible than stating an exact digital time, which might seem overly precise for a glance at a watch."
1011,8:26-8:34,police,range,,25 past to 25 to 8,9,,Because it was the general range it happened at.,"""It happened between 6:00 and 7:00.""","""It happened between 8:25 and 8:35.""","In the social experiment, the choice to answer ""25 past to 25 to 8"" was likely made to observe how people interpret unconventional time expressions and to test their ability to deduce the actual time range. This phrasing challenges the listener to think critically and engage more deeply with the information, as it combines elements of both ""past"" and ""to"" in a non-standard way, prompting them to calculate the time range between 8:25 and 8:35.","""It happened between 7:30 and 8:00 in the morning""","""It happened sometime between 8:25 and 8:35.""","You chose this phrasing because it precisely conveys the **uncertainty range** of your observation without falsely implying exact knowledge. Saying ""25 past to 25 to 8"" (meaning 8:25 to 8:35) honestly communicates that the accident occurred somewhere within that approximate window. In a formal witness statement, this is more accurate and responsible than giving a single specific time, which might mislead investigators into thinking you knew the exact moment."
1012,8:30,neighbor,precise,0.0,08:30,0,,"it was the truth, thats what time i witnessed the accident","""It happened at 7:40.""","""It happened at 8:30.""","In the social experiment, the choice to answer ""It happened 08:30"" instead of ""It happened at 8:30"" could be to observe how people react to a more formal or military-style time notation. This format might prompt curiosity or highlight differences in communication styles, potentially leading to discussions about precision, formality, or cultural influences in language use.","""It happened at 8:30""","""It happened at half past eight.""","You likely chose to say ""08:30"" (with the leading zero) because you were recalling the exact digital display you saw on your watch when you checked the time. This format mirrors how digital watches and clocks typically show times before 10:00, so your answer reflects a precise, literal memory of what you observed rather than converting it to the more conversational ""8:30"" or ""eight-thirty."""
1013,8:32,neighbor,precise,2.0,half 8,0,Accuracy|Context,"During an informal conversation it wasn't required to be accurate, 8:30 is close enough","""It happened at 7:30.""",It happened at 8:32.,"In this social experiment, the choice to say ""It happened half 8"" was likely made to observe how language and regional dialects affect communication and understanding. In some dialects, particularly in parts of the UK and Ireland, ""half 8"" means 8:30, which could lead to confusion or misinterpretation by those unfamiliar with this phrasing. The experiment might aim to explore how people navigate and clarify such misunderstandings in conversation.","""It happened at 8:30.""","""It happened at 8:32.""","You likely gave an approximate time (""half past 8"" or ""half 8"") rather than the precise time (8:32) because the social context didn't require exact precision. At a casual party conversation with a curious neighbor, providing the specific minute would seem overly detailed and unnecessary—the neighbor just wanted a general sense of when it occurred. This reflects how we naturally calibrate our level of precision to what's socially appropriate and relevant for the listener's needs."
1015,8:26-8:34,neighbor,range,,"around 8.30 am, give or take 4 minutes.",18,Precision,"I think it gave the general time initially , and then it was more precise about the range after that.","""It happened between 6:00 and 7:00.""",It happened between 8:25 and 8:35.,You chose to answer this way to provide a precise yet flexible time frame that accurately reflects your observation without committing to an exact minute. This approach acknowledges the inherent uncertainty in recalling exact times while still offering a useful estimate that helps your neighbor understand the timing of the accident.,"""It happened around half past eight""","""It happened around 8:30.""","You chose ""around 8:30, give or take 4 minutes"" because this phrasing naturally conveys both your best estimate and the uncertainty in your memory. Saying ""around 8:30"" uses a round, cognitively easy reference point, while ""give or take 4 minutes"" honestly communicates the range of possible times (8:26–8:34) without false precision. This casual, approximate language fits the informal party setting and signals that your recollection isn't exact."
1021,8:28,neighbor,precise,-2.0,8.27,2,Accuracy,Because I misread the clock. I also wanted to be as accurate as possible (but obviously wasn't),"""It happened at 7:30.""","""It happened at 8:28.""","In the social experiment, the choice to say ""It happened 8.27"" instead of 8:28 could be a deliberate attempt to observe how people react to slightly inaccurate information. This subtle discrepancy might test the neighbor's attention to detail, their trust in your account, or their willingness to challenge or accept minor inaccuracies in everyday conversations.","""It happened at about 8:30""","""It happened at 8:28.""","You likely rounded or slightly adjusted the time because in casual social conversation, precise-to-the-minute accuracy isn't necessary—saying ""8:27"" versus ""8:28"" makes no practical difference to your neighbor's understanding of events. This small imprecision reflects how we naturally communicate in informal settings, where approximate information serves the social purpose just as well as exact details. The context of a party conversation doesn't demand the same precision you might offer to police or insurance investigators."
1022,8:34,neighbor,precise,4.0,25 to 9,5,S ease,easier to explain,"""It happened at 7:40.""",It happened at 8:34.,"In the social experiment, the choice to say ""25 to 9"" instead of ""8:34"" was likely made to observe how people process and react to time expressed in a less precise, more conversational manner. This phrasing can prompt the listener to engage more actively in converting the time, potentially revealing differences in how individuals perceive and interpret time-related information. Additionally, it might reflect a cultural or personal preference for expressing time in a way that emphasizes the proximity to the next hour.","""It happened at about 7:45""","""It happened at 8:34.""","You chose to say ""25 to 9"" rather than ""8:34"" because casual social contexts typically call for rounded, approximate times that are easier to process in conversation. Saying ""8:34"" would sound overly precise and somewhat odd in a party setting—it might even seem like you were being pedantic or showing off your exactness. ""25 to 9"" conveys the same essential information in a more natural, conversational way that fits the informal social situation."
1025,8:32,police,precise,2.0,8:32,2,Context,"If you are a witness to something, such as an accident, it is important to know the location and time, in the event you have to talk to the police.","""It happened at 7:30.""",It happened at 8:32.,"In the context of providing a formal witness statement, the choice to answer ""It happened 8:32"" is likely due to the need for precision and clarity. By stating the exact time without additional words, you ensure that the critical information is conveyed directly and unambiguously, which is essential for establishing an accurate timeline in a legal or investigative setting.","""It happened at approximately 8:30 in the morning""","""It happened at 8:32.""","You likely said **""It happened at 8:32""** (with ""at"") rather than ""It happened 8:32"" because in standard English, we use the preposition ""at"" before specific clock times. This preposition is grammatically expected and sounds natural to native speakers. Omitting ""at"" would sound awkward or non-native, even though the meaning would still be understood."
1030,8:26,neighbor,precise,-4.0,8.25 ish,15,,,"""It happened at 8:25.""","""It happened at 8:26.""","In this social experiment, the choice to say ""8.25 ish"" instead of the precise time of 8:26 could be to convey a sense of casualness or approximation, which is often more relatable in informal settings like a party. This language choice can also reflect a desire to communicate that the exact minute is not crucial to the context of the conversation, emphasizing the general timeframe rather than precision. Additionally, using ""ish"" can make the interaction feel more conversational and less formal.","""It happened at about twenty to nine""","""It happened at 8:26.""","You likely chose ""8:25-ish"" instead of the precise ""8:26"" because in casual social conversation, excessive precision can seem oddly formal or pedantic. Saying the exact minute might imply the time is critically important or that you're being overly meticulous for a neighborly chat. The approximation signals this is informal information-sharing, not a legal deposition, and maintains the relaxed social tone of a party conversation."
1034,8:26,police,precise,-4.0,8:25,5,,It was either 8:30 or 8:25. The accident happened at 8:26 so rounded of to the nearest decimal.,"""It happened at 8:25.""",It happened at 8:26.,"In a social experiment, you might choose to round the time to 8:25 instead of stating the exact time of 8:26 to observe how people perceive and react to slightly altered information. This choice could be made to test the impact of minor inaccuracies on the reliability of witness statements or to see if such small discrepancies affect the investigation process or the officer's perception of your credibility.",It happened at approximately 8:25 in the morning,"""It happened at 8:26.""","You likely rounded down to 8:25 because people naturally gravitate toward ""round"" numbers (multiples of 5) when reporting time, as they feel more conventional and easier to communicate. Additionally, in a formal setting, you may have felt uncertain about appearing overly precise, since claiming to know the exact minute (8:26) might seem suspiciously exact—rounding makes the answer feel more believable and natural, even though you actually knew the precise time."
2002,8:29,police,precise,-1.0,"8:29, or right before as i looked at my watch right when it happened (cannot see two things at once)",1,,"as mentioned in the brackets: you cannot look at two things at the same time, to be able to witness the accident I must have looked at the watch right after it happened","""It happened at 7:30.""",It happened at 8:29.,"In the social experiment, the choice to answer with ""It happened 8:29, or right before as I looked at my watch right when it happened (cannot see two things at once)"" reflects an attempt to provide precise information while acknowledging the limitations of human perception. By stating the exact time you saw on your watch and noting the impossibility of observing both the accident and the watch simultaneously, you convey accuracy and honesty, which are crucial in a formal setting like a police statement. This response also highlights the importance of transparency in witness testimonies, as it openly addresses potential uncertainties in the observation.","""It happened at approximately 8:30 in the morning""","""It happened at 8:29.""","You chose this precise, qualified answer because the formal police context demanded accuracy for legal purposes. By acknowledging you looked at your watch *when* the accident happened—not *before*—you honestly admitted a small margin of uncertainty (a second or two). This reflects a desire to be maximally truthful and avoid overstating the precision of your knowledge, which is appropriate when your statement could have legal consequences."
2003,8:27,police,precise,-3.0,8:27,3,,On the clock that was the time indicated,"""It happened at 7:25.""","""It happened at 8:27.""","In a formal setting like giving a witness statement, providing precise information is crucial for establishing an accurate timeline. By stating ""It happened 8:27,"" you convey the exact time without any ambiguity, ensuring that the officer has the specific detail needed for their investigation. This choice reflects the importance of clarity and precision in legal and official contexts.","""It happened at 8:45 in the morning""","""It happened at 8:27.""","You chose to say **""It happened at 8:27""** (presumably with ""at"") because this phrasing is precise and appropriate for a formal context like a police statement. Using the exact time with ""at"" conveys specificity and certainty, which is what the officer needed to establish an accurate timeline. In formal or official settings, people tend to use more exact, complete expressions rather than approximations like ""around 8:30"" or casual phrasing."
2005,8:25,neighbor,precise,-5.0,25 past 8,5,Habit,It's just how i would answer this ,"""It happened at 7:25.""","""It happened at 8:25.""","In the social experiment, the choice to say ""25 past 8"" instead of ""8:25"" could be to observe how people perceive and process time differently when it's expressed in a less common format. This phrasing might prompt the listener to engage more actively in the conversation, as it requires a slight mental adjustment to interpret, potentially leading to more interaction or discussion about the event.","""It happened at about twenty to nine""","""It happened at 8:25.""","You chose ""25 past 8"" rather than a more precise form like ""8:25 a.m."" because the casual social context of a neighbor's party called for informal, conversational language. Since you were both at home in the morning and the context made it obvious you meant a.m., specifying that was unnecessary. The relaxed phrasing matched the friendly, informal register of chatting with a neighbor rather than giving a formal report."
2006,8:29,neighbor,precise,-1.0,8:29,1,,Because that answers the question asked. ,"""It happened at 7:30.""",It happened at 8:29.,"In this social experiment, the choice to answer ""It happened 8:29"" without specifying ""at"" or ""AM/PM"" was likely made to observe how people interpret time information when given in a straightforward, minimalistic manner. This approach can reveal how much context people naturally infer or require in everyday communication, and whether they seek additional clarification or accept the information as complete.","""It happened at half past eight""","""It happened at 8:29.""","You chose to answer with the precise time ""8:29"" because you had direct, reliable knowledge—you looked at your watch at the moment it happened. Given that your neighbor specifically wanted to know what you witnessed, providing the exact time was both accurate and appropriately informative. There was no need to hedge or approximate when you had precise information relevant to their question."
2009,8:35,police,precise,5.0,8:35 this morning,5,,Because that's the time the scenario indicated that it happened.,"""It happened at 7:40.""",It happened at 8:35.,"In the social experiment, the choice to answer ""It happened 8:35 this morning"" was likely made to provide a precise and clear response, ensuring that the officer receives the exact time of the accident without ambiguity. This phrasing directly addresses the officer's need for a specific timeline, aiding in the accurate reconstruction of events.","""It happened at approximately 8:35 in the morning""","""It happened at 8:35.""","You chose this phrasing because the context was a **formal witness statement** to police, which called for precise, factual language. Saying ""8:35 this morning"" provides the exact time (as you confirmed by checking your watch) while anchoring it clearly to the relevant day. The straightforward, declarative structure conveys certainty and accuracy—appropriate for an official record where vague language like ""around 8:30"" or ""early morning"" would be less helpful for establishing the timeline the officer requested."
2011,8:33,police,precise,3.0,half past 8,0,Precision|Info lack,"When I read my watch I read it for approximate time, not exact.","""It happened at 7:40.""",It happened at 8:18.,"In a social experiment, choosing to say ""half past 8"" instead of the exact time of 8:33 could be a way to observe how people perceive and interpret time-related information. This choice might test whether people prefer rounded, approximate times for simplicity and ease of understanding, or if they value precise details. Additionally, it could explore how such language affects the perceived reliability or credibility of a witness statement.","""It happened at approximately 8:35 in the morning""","""It happened at 8:33.""","You likely rounded to ""half past 8"" because in everyday conversation, we typically use approximate times rather than precise ones—it sounds more natural and socially appropriate. Giving an exact time like ""8:33"" might seem oddly precise or even unreliable, as if you're claiming a level of certainty that could be questioned. Additionally, the small 3-minute difference was probably irrelevant for the officer's timeline purposes, and you may have unconsciously followed conversational norms of being cooperative without appearing overly pedantic."
2014,8:31,neighbor,precise,1.0,around 8,10,Precision|H needs,They did not ask for the exact time ,"""It happened at 7:30.""",It happened at 8:31.,"In this social experiment, the choice to say ""It happened around 8"" instead of the precise time of 8:31 could be to observe how people perceive and react to vague versus specific information. By providing a less precise answer, you might be testing the neighbor's response to ambiguity, gauging their interest in details, or assessing how they interpret and spread information that lacks specificity.","""It happened at half past nine""","""It happened at 8:31.""","You likely rounded to ""around 8"" because in a casual social setting like a party, precise details weren't necessary—your neighbor was just curious, not conducting an investigation. Giving the exact time (8:31) might have seemed overly precise or pedantic for the context. People naturally adjust their level of detail based on what the situation calls for, and casual conversation typically favors approximate, easy-to-process information over exactness."
2015,8:33,neighbor,precise,3.0,around eight thirty,10,Accuracy,"because i said around 8,30 and ju√üt 3 min off","""It happened at 7:40.""",It happened at 6:18.,"In a social context, providing an approximate time like ""around eight thirty"" instead of the exact time of 8:33 can be seen as more conversational and less pedantic, which helps maintain a casual and friendly tone. This choice also suggests that the exact minute may not be crucial to the neighbor's understanding of the event, thus keeping the focus on the occurrence rather than the precise timing.","""It happened at about twenty-five to nine""","""It happened at 8:33.""","You likely chose this rounded answer because the party context is casual and social, not a formal investigation. Precise details like ""8:33"" would sound oddly exact and overly technical for friendly conversation. Saying ""around eight thirty"" conveys the essential information while matching the informal register of chatting with a neighbor—it's cooperative without being pedantic."
2031,8:27,neighbor,precise,-3.0,8.27,3,,Because that is the time my clock showed when I looked at it in the morning as the accident happened. ,"""It happened at 7:25.""",It happened at 8:27.,"In this social experiment, the choice to say ""It happened 8.27"" instead of ""It happened at 8:27"" could be to observe how omitting the preposition ""at"" affects communication and comprehension. This subtle alteration tests whether the listener can still accurately understand the time reference without the conventional structure, highlighting the flexibility and context-dependence of language understanding.","""It happened at 8:25""","""It happened at 8:27.""","You chose this precise answer because the context called for exact information—your neighbor specifically wanted to know what you witnessed, and you had reliable knowledge (you checked your watch at the moment it happened). Giving the exact time ""8:27"" signals that you're a credible, firsthand witness with accurate information, which serves your neighbor's goal of finding out the facts. A vague answer like ""around 8:30"" would have been less helpful and might have suggested uncertainty you didn't actually have."
2041,8:25,police,precise,-5.0,8:25 AM,5,,Because it happed in the morning so I specified AM,"""It happened at 7:25.""","""It happened at 8:25.""","In a formal setting like a police statement, providing precise and clear information is crucial for establishing an accurate timeline. By stating ""It happened 8:25 AM,"" you offer an exact time, which helps the officer create a detailed and reliable account of the events. This specificity aids in the investigation and ensures that there is no ambiguity about when the accident occurred.",It happened at approximately 8:25 in the morning,"""It happened at 8:25.""","You chose to answer with the precise time ""8:25 AM"" because the context was a **formal witness statement** where accuracy and clarity are essential for legal documentation. In this official setting, providing the exact time you observed establishes a reliable, unambiguous record. Adding ""AM"" eliminates any potential confusion, which is appropriate when speaking to authorities who need precise details for their timeline."
2066,8:31,police,precise,1.0,08:31,1,H ease,Because it is the best way to get the information across to the police with minimal amount of confusion,"""It happened at 7:30.""",It happened at 8:31.,"In a formal setting like a police statement, providing precise and unambiguous information is crucial. By stating ""It happened 08:31,"" you offer an exact time, avoiding any potential confusion that might arise from using more casual language or approximations. This precise format aligns with the need for accuracy in legal and official contexts.","""It happened at 9:30 in the morning""","""It happened at 8:31.""","You chose this precise, formal phrasing (""08:31"" with the leading zero and no ""at"") because the context was a **formal witness statement** at a police station. The officer was establishing a detailed timeline, which called for clear, unambiguous, official-sounding language. This register matches the documentation style used in police reports and legal records, prioritizing precision over conversational naturalness."
2069,8:35,neighbor,precise,5.0,twenty five to nine,5,Habit,This is how I would say it in conversation. ,"""It happened at 7:40.""","""It happened at 8:35.""","In the social experiment, the choice to say ""twenty-five to nine"" instead of ""8:35"" could be to observe how people process and react to time expressed in a less common format. This phrasing might prompt the listener to engage more actively in the conversation, as they mentally convert the time, potentially leading to a more memorable interaction. Additionally, it could reveal cultural or generational differences in how people prefer to express or understand time.","""It happened at about a quarter to nine""","""It happened at 8:35.""","You likely chose ""twenty-five to nine"" instead of ""8:35"" because casual spoken English often favors this relative time format in informal social settings like a party. Saying the time relative to the upcoming hour feels more natural and conversational, whereas ""eight thirty-five"" can sound slightly more formal or precise—appropriate for official reports but a bit stiff for chatting with a neighbor."
